klien,1-30hk,30-60HK,60-90HK,90-120HK,120-150HK,>150HK,Grand_Total
"CST048_BANK DANAMON INDONESIA, TBK",633120760.518549,647100543.157036,2465436.65202312,2465436.65202312,2830835.54418613,2830835.54418613,647100543.157036
